blockchain_service_memory_alloc_bytes (bytes),blockchain_service_memory_num_gc,blockchain_service_memory_sys_bytes (bytes),blockchain_service_memory_total_alloc_bytes (bytes),blockchain_service_timestamp,scenario_dataset_name,scenario_ipfs_enabled,scenario_max_iterations (iterations),scenario_max_rollbacks (rollbacks),scenario_num_clients (clients),scenario_target_accuracy (%),system_cpu_total_time_seconds (seconds),system_disk_total_bytes_read (bytes),system_disk_total_bytes_written (bytes),system_duration_seconds (seconds),system_memory_avg_used_bytes (bytes),system_memory_max_used_bytes (bytes),system_memory_min_used_bytes (bytes),system_network_total_bytes_recv (bytes),system_network_total_bytes_sent (bytes),system_sample_count (operations),timing_blockchain_get_most_recent_rollback_duration (seconds),timing_blockchain_get_most_recent_rollback_found,timing_blockchain_get_most_recent_rollback_total_duration (seconds),timing_blockchain_get_provenance_duration (seconds),timing_blockchain_get_provenance_model_version_id,timing_blockchain_get_provenance_total_duration (seconds),timing_blockchain_list_models_duration (seconds),timing_blockchain_list_models_total,timing_blockchain_list_models_total_duration (seconds),timing_blockchain_record_validation_duration (seconds),timing_blockchain_record_validation_model_version_id,timing_blockchain_record_validation_total_duration (seconds),timing_blockchain_record_validation_transaction_id,timing_blockchain_register_duration (seconds),timing_blockchain_register_iteration,timing_blockchain_register_model_version_id,timing_blockchain_register_total_duration (seconds),timing_blockchain_register_transaction_id,timing_blockchain_rollback_duration (seconds),timing_blockchain_rollback_target_version_id,timing_blockchain_rollback_total_duration (seconds),timing_blockchain_rollback_transaction_id,timing_fedavg_aggregation_duration (seconds),timing_fedavg_aggregation_excluded_clients,timing_fedavg_aggregation_iteration,timing_fedavg_aggregation_num_clients (clients),timing_fedavg_aggregation_total_duration (seconds),timing_fedavg_aggregation_total_samples,timing_ipfs_download_cid,timing_ipfs_download_context,timing_ipfs_download_duration (seconds),timing_ipfs_download_model_version_id,timing_ipfs_download_parent_version_id,timing_ipfs_download_size_bytes (bytes),timing_ipfs_download_total_duration (seconds),timing_ipfs_upload_cid,timing_ipfs_upload_duration (seconds),timing_ipfs_upload_model_version_id,timing_ipfs_upload_size_bytes (bytes),timing_ipfs_upload_total_duration (seconds),timing_model_validation_accuracy (%),timing_model_validation_duration (seconds),timing_model_validation_loss (value),timing_model_validation_model_version_id,timing_model_validation_total_duration (seconds),timing_sample_index
922136,0,7969808,922136,2026-02-12T19:30:37Z,cifar10,true,100,10,10,98.000000,5.990000,0,962560,0.506037,7735232512.000000,7741022208,7729442816,9713834,9612838,2,0.001496,false,0.001496,0.001126,model_v0_initial_1770924591_25fa7188,0.001126,0.020962,1,0.020962,0.001563,model_v1_1770924634_4fc1f678,0.001563,tx_validation_model_v1_1770924634_4fc1f678,0.000992,1,model_v1_1770924634_4fc1f678,0.000992,54fdd32e3e2294e0387cd43da21312486815de0a2254b6cc1b2f8dc37000cb17,0.001468,model_v0_initial_1770924591_25fa7188,0.001468,d1e524268dd476edf8a1494b93492157eac40f4b05d66ab39d4be1f74849b245,4.350254,0,1,11,4.350254,60000,QmbmFnXJPzkAMQojPfqddYP7qrrJyaXGhZ9vdtvJmCKrUF,,0.038805,,,2128838,0.038805,QmZwviG9DN2iMwCzWEXRSuCrFoUYBdyQEEyswxkRbuh2cS,0.025035,model_v1_1770924634_4fc1f678,9566825,0.025035,32.740000,1.660976,1.918458,model_v1_1770924634_4fc1f678,1.660976,0
1325912,0,7969808,1325912,2026-02-12T19:31:19Z,cifar10,true,100,10,10,98.000000,5.810000,0,1097728,0.495162,7883302912.000000,7885434880,7881170944,9311386,9534055,2,0.001416,true,0.001416,0.001530,model_v0_initial_1770924591_25fa7188,0.001530,0.003677,1,0.003677,0.001716,model_v2_1770924676_5fc6d3ed,0.001716,tx_validation_model_v2_1770924676_5fc6d3ed,0.001416,2,model_v2_1770924676_5fc6d3ed,0.001416,81d43ea9e0f31090d6c80540243a8c84cf73be9c22af684a3120c5a886a52cf5,,,0.000000,,4.642782,0,2,11,4.642782,60000,QmPa1zNU9aVvJ2ZwnB28wPf4KXoarToEFKsT7dWvK7VVnh,,0.312722,,,9532794,0.312722,Qma3k1zxB1df8CBrLWwLsqgF9qTcouxhBq5w3ejRMH6RpE,0.019089,model_v2_1770924676_5fc6d3ed,9069552,0.019089,12.690000,1.843206,22.044101,model_v2_1770924676_5fc6d3ed,1.843206,1
2010248,0,7969808,2010248,2026-02-12T19:32:28Z,cifar10,true,100,10,10,98.000000,6.020000,0,929792,0.507675,8161280000.000000,8169132032,8153427968,9788151,9591088,2,0.001893,true,0.001893,0.001518,model_v1_1770924634_4fc1f678,0.001518,0.003937,1,0.003937,0.001264,model_v3_1770924746_3a82fcd2,0.001264,tx_validation_model_v3_1770924746_3a82fcd2,0.002588,3,model_v3_1770924746_3a82fcd2,0.002588,f8f57d81b66002f30fa0c1265a669bd15d2ac853a39a9b21aa2837f2efec954a,,,0.000000,,4.178783,0,3,10,4.178783,50000,QmQpCtXByXsibCixmUk9UYGX9G29BrzBYaJ5YpinsGHhti,,0.300837,,,9527973,0.300837,QmSUnP3oAwmcRmqe99AxrXzi8LQL5SpdDMtyGJ58fc1xKC,0.027169,model_v3_1770924746_3a82fcd2,9541927,0.027169,34.240000,1.631514,2.248379,model_v3_1770924746_3a82fcd2,1.631514,2
2535296,0,12164112,2535296,2026-02-12T19:33:15Z,cifar10,true,100,10,10,98.000000,7.160000,0,1028096,0.609300,8187338752.000000,8196411392,8178266112,9655531,9562146,2,0.001355,true,0.001355,0.024975,model_v1_1770924634_4fc1f678,0.024975,0.010896,1,0.010896,0.001384,model_v4_1770924792_8c656d85,0.001384,tx_validation_model_v4_1770924792_8c656d85,0.001181,4,model_v4_1770924792_8c656d85,0.001181,ee5e804c540f941df7a37618df7a18d9c018218c0d16430dfadf908d38a8d4e6,,,0.000000,,4.278342,0,4,10,4.278342,50000,QmQpCtXByXsibCixmUk9UYGX9G29BrzBYaJ5YpinsGHhti,,0.303422,,,9527973,0.303422,QmQdY9zXX8UJVbE4jAvPi22qkQ6shjT7XGFvLJiY2Lvqu6,0.020856,model_v4_1770924792_8c656d85,9520792,0.020856,42.370000,1.677106,4.635647,model_v4_1770924792_8c656d85,1.677106,3
3073392,0,12426256,3073392,2026-02-12T19:33:56Z,cifar10,true,100,10,10,98.000000,6.010000,0,1073152,0.512700,8212090880.000000,8214204416,8209977344,9707855,9558902,2,0.001335,true,0.001335,0.018442,model_v1_1770924634_4fc1f678,0.018442,0.011195,1,0.011195,0.001170,model_v5_1770924833_857675d6,0.001170,tx_validation_model_v5_1770924833_857675d6,0.002548,5,model_v5_1770924833_857675d6,0.002548,73c027c726e509cb99bbaf310d785f6d666c3da4eaa28b86e6912bc5772dc557,,,0.000000,,4.218259,0,5,10,4.218259,50000,QmcAaWyohkyGD5QWd5XmyZWh4x17Mmt1o9Ajs9YjLByQna,,0.297718,,,9524489,0.297718,QmUhp2zak8abaqoM2wk4SMkuu5ame7uJbdVGA2wmwcQG4d,0.029433,model_v5_1770924833_857675d6,9509511,0.029433,48.040000,1.546418,6.837377,model_v5_1770924833_857675d6,1.546418,4
732736,1,12753936,3712336,2026-02-12T19:34:35Z,cifar10,true,100,10,10,98.000000,6.090000,0,1052672,0.517723,8210591744.000000,8218984448,8202199040,9710567,9560614,2,0.001148,true,0.001148,0.019246,model_v1_1770924634_4fc1f678,0.019246,0.008996,1,0.008996,0.001280,model_v6_1770924872_8a32be34,0.001280,tx_validation_model_v6_1770924872_8a32be34,0.002304,6,model_v6_1770924872_8a32be34,0.002304,0b386b37baf98c2bf9c8399dcd029e6b5ff387e3017841a3b52b8f83d0061a03,,,0.000000,,4.328719,0,6,10,4.328719,50000,QmPa1zNU9aVvJ2ZwnB28wPf4KXoarToEFKsT7dWvK7VVnh,,0.291878,,,9532794,0.291878,QmTCYMfV7mJj8d8DZapqPWgpsP6RypkA49Tgys5Kw9XSkn,0.033895,model_v6_1770924872_8a32be34,9500609,0.033895,50.690000,1.557256,7.368640,model_v6_1770924872_8a32be34,1.557256,5
1446144,1,13016080,4425744,2026-02-12T19:35:15Z,cifar10,true,100,10,10,98.000000,6.120000,0,892928,0.517097,8233342976.000000,8236359680,8230326272,9755802,9564745,2,0.001315,true,0.001315,0.003258,model_v1_1770924634_4fc1f678,0.003258,0.013297,1,0.013297,0.001583,model_v7_1770924912_bc36b5d7,0.001583,tx_validation_model_v7_1770924912_bc36b5d7,0.001264,7,model_v7_1770924912_bc36b5d7,0.001264,e44770b4062fc7c81d814d9a6a0611bf05460dc9c23359d6929d4bb15dd055b0,,,0.000000,,4.438298,0,7,10,4.438298,50000,QmfBaWS7fQX3WZ95m9oX6NbkHt4CKkvoDREYVdBX6AQrrN,,0.297380,,,9526543,0.297380,QmawCTLgvNv1aMPNeHkhEFQ5qKGGL47h1GWdbnkCG4AMdY,0.035342,model_v7_1770924912_bc36b5d7,9491234,0.035342,53.070000,1.568186,7.463365,model_v7_1770924912_bc36b5d7,1.568186,6
2160312,1,13016080,5139912,2026-02-12T19:35:55Z,cifar10,true,100,10,10,98.000000,5.930000,0,1097728,0.501510,8332881920.000000,8378195968,8287567872,9702053,9535402,2,0.001478,true,0.001478,0.014771,model_v1_1770924634_4fc1f678,0.014771,0.003677,1,0.003677,0.001277,model_v8_1770924953_9242e589,0.001277,tx_validation_model_v8_1770924953_9242e589,0.001132,8,model_v8_1770924953_9242e589,0.001132,dc59bb142297c203ee24ac88091b176ab2b52970d1333f64cad677040b45120d,,,0.000000,,4.276243,0,8,10,4.276243,50000,QmYYYsCoHvyg24WHJ1yePehvDywnWsY9iL8yV5ARQTJNZr,,0.300570,,,9529203,0.300570,QmXS2bWmc2TXH9RfXTmBzScxcaktinVzqwsbvXYV5stmoW,0.029847,model_v8_1770924953_9242e589,9483327,0.029847,55.010000,1.622810,7.459113,model_v8_1770924953_9242e589,1.622810,7
859664,2,13081616,5951200,2026-02-12T19:36:36Z,cifar10,true,100,10,10,98.000000,7.810000,0,1216512,0.666754,8323276800.000000,8345694208,8300859392,9683259,9516755,2,0.001480,true,0.001480,0.007547,model_v1_1770924634_4fc1f678,0.007547,0.038207,1,0.038207,0.001561,model_v9_1770924993_2fec0801,0.001561,tx_validation_model_v9_1770924993_2fec0801,0.001361,9,model_v9_1770924993_2fec0801,0.001361,7689fa4fe40c2f1c92662fd11ef08378cbd800b94ef190c8fc8ca3ea663b4652,,,0.000000,,4.516151,0,9,10,4.516151,50000,QmcAaWyohkyGD5QWd5XmyZWh4x17Mmt1o9Ajs9YjLByQna,,0.290595,,,9524489,0.290595,QmRVn9nAwvGUVJCQ6vALeksg8rF5zUWUcNr86zFoqakqPC,0.032258,model_v9_1770924993_2fec0801,9476301,0.032258,56.560000,1.643273,7.541513,model_v9_1770924993_2fec0801,1.643273,8
1879056,2,13081616,6970592,2026-02-12T19:37:22Z,cifar10,true,100,10,10,98.000000,6.120000,0,19374080,0.526727,8301793280.000000,8315117568,8288468992,9626479,9512326,2,0.001403,true,0.001403,0.005695,model_v1_1770924634_4fc1f678,0.005695,0.001253,1,0.001253,0.001703,model_v10_1770925039_9fea6297,0.001703,tx_validation_model_v10_1770925039_9fea6297,0.002552,10,model_v10_1770925039_9fea6297,0.002552,f540a29da85281020240725f6cfa4295dcd8cec3e146a9550417c8b1f0f86da3,,,0.000000,,4.199552,0,10,10,4.199552,50000,QmcAaWyohkyGD5QWd5XmyZWh4x17Mmt1o9Ajs9YjLByQna,,0.286052,,,9524489,0.286052,QmRZUQFiU6GyfLrdrNbFvJdiia2sCfZv9V6ZPR333SAaEi,0.031664,model_v10_1770925039_9fea6297,9470505,0.031664,58.010000,1.918480,7.509502,model_v10_1770925039_9fea6297,1.918480,9
2887680,2,13081616,7979216,2026-02-12T19:38:09Z,cifar10,true,100,10,10,98.000000,6.440000,0,1032192,0.543739,8360505344.000000,8370495488,8350515200,9540574,9490516,2,0.001350,true,0.001350,0.007582,model_v1_1770924634_4fc1f678,0.007582,0.005931,2,0.005931,0.001813,model_v11_1770925086_53d69401,0.001813,tx_validation_model_v11_1770925086_53d69401,0.002793,11,model_v11_1770925086_53d69401,0.002793,7699c2c6fb2b5cdf6c008effcecbc72b19e6378a5126d06fd4d79fa65d3ede08,,,0.000000,,4.157522,0,11,10,4.157522,50000,QmQ6k3EzxQe7WYrDg9nJ3KvGFrDgmbrDvCL3aFtKnFV26u,,0.300353,,,9529109,0.300353,QmaGrCckLNbxqBEtj7iVRgWn1k8ZWVRM53b7VZVV3gjFVy,0.021873,model_v11_1770925086_53d69401,9464009,0.021873,59.320000,1.612098,7.483764,model_v11_1770925086_53d69401,1.612098,10
1231112,3,13081616,8982736,2026-02-12T19:38:49Z,cifar10,true,100,10,10,98.000000,6.040000,0,1056768,0.508792,8331026432.000000,8333438976,8328613888,9622171,9486830,2,0.002223,true,0.002223,0.000659,model_v1_1770924634_4fc1f678,0.000659,0.021006,2,0.021006,0.001519,model_v12_1770925127_c6f6f73b,0.001519,tx_validation_model_v12_1770925127_c6f6f73b,0.002932,12,model_v12_1770925127_c6f6f73b,0.002932,99f666e6c24f38794a548b18e6fd23db4589f8c6adc8ce1cb84ce40a27897a11,,,0.000000,,4.128954,0,12,10,4.128954,50000,QmSXr6L3bCDkj8DWN4QSdgJGvz5bGwRtE7XSfUVx58MS1D,blockchain_write,0.314405,,,9566797,0.314405,QmNq7J6Uh7q979brCQhdgGFnVi3C7iVHDG93Uepvdmhm5g,0.028471,model_v12_1770925127_c6f6f73b,9458541,0.028471,60.650000,1.622639,7.552104,model_v12_1770925127_c6f6f73b,1.622639,11
2428680,3,13081616,10180304,2026-02-12T19:39:35Z,cifar10,true,100,10,10,98.000000,5.990000,0,917504,0.509675,8371048448.000000,8379396096,8362700800,9682208,9507071,2,0.001569,true,0.001569,0.000552,model_v0_initial_1770924591_25fa7188,0.000552,0.011257,2,0.011257,0.001323,model_v13_1770925172_35b93eb1,0.001323,tx_validation_model_v13_1770925172_35b93eb1,0.002728,13,model_v13_1770925172_35b93eb1,0.002728,4490e2732e5fa31e6ff78525424ec26e4849f4c650ddcb5599435d10d7b6d86d,,,0.000000,,4.153824,0,13,10,4.153824,50000,QmSXr6L3bCDkj8DWN4QSdgJGvz5bGwRtE7XSfUVx58MS1D,,0.302409,model_v1_1770924634_4fc1f678,,9566797,0.302409,QmY4iQMeJekZpBx33ELh61To3WAo9rBLXrnfChEawneeV9,0.027968,model_v13_1770925172_35b93eb1,9453012,0.027968,61.650000,1.657009,7.551025,model_v13_1770925172_35b93eb1,1.657009,12
672600,4,13343760,11388984,2026-02-12T19:40:15Z,cifar10,true,100,10,10,98.000000,6.010000,0,1126400,0.509020,8333967360.000000,8337223680,8330711040,9557114,9476120,2,0.002292,true,0.002292,0.000548,model_v1_1770924634_4fc1f678,0.000548,0.010315,2,0.010315,0.001240,model_v14_1770925212_2e2c606a,0.001240,tx_validation_model_v14_1770925212_2e2c606a,0.001447,14,model_v14_1770925212_2e2c606a,0.001447,6c8fe30ade932f2c550c62be7b9c70671ccff6cc72718f5f202c531169bf79bd,,,0.000000,,4.025547,0,14,10,4.025547,50000,QmZwviG9DN2iMwCzWEXRSuCrFoUYBdyQEEyswxkRbuh2cS,,0.309343,,,9566825,0.309343,QmcQLtbVakhhJmx9jSETpNc19yvptdnavn5rzPo69soGq8,0.032621,model_v14_1770925212_2e2c606a,9448475,0.032621,62.130000,1.572141,7.615559,model_v14_1770925212_2e2c606a,1.572141,13
1913968,4,13343760,12630352,2026-02-12T19:40:55Z,cifar10,true,100,10,10,98.000000,5.850000,0,1138688,0.496395,8346843136.000000,8348323840,8345362432,9668180,9519217,2,0.001517,true,0.001517,0.000479,model_v0_initial_1770924591_25fa7188,0.000479,0.054219,2,0.054219,0.001251,model_v15_1770925252_c79c7e10,0.001251,tx_validation_model_v15_1770925252_c79c7e10,0.001099,15,model_v15_1770925252_c79c7e10,0.001099,b0524268f50f5d989aa16595b47bc7187b8f5ecd98d598408adbc2e08350b450,,,0.000000,,4.074963,0,15,10,4.074963,50000,QmWMFYrVQffkXSxi4xA3A6fVsq4FusgxA6amkq6Yu9c8XM,parent_weights,0.299635,,model_v0_initial_1770924591_25fa7188,9523066,0.299635,QmfMcTq7b6sQHvgDNqDEXJAWexuZEyCx2cAL7UicDTN7VA,0.033390,model_v15_1770925252_c79c7e10,9444600,0.033390,62.730000,1.548339,7.714430,model_v15_1770925252_c79c7e10,1.548339,14
3215368,4,13343760,13931752,2026-02-12T19:41:35Z,cifar10,true,100,10,10,98.000000,5.780000,0,1273856,0.491218,8356911104.000000,8367951872,8345870336,9646935,9506708,2,0.001280,true,0.001280,0.002461,model_v1_1770924634_4fc1f678,0.002461,0.011449,2,0.011449,0.001236,model_v16_1770925293_d65ab51d,0.001236,tx_validation_model_v16_1770925293_d65ab51d,0.001139,16,model_v16_1770925293_d65ab51d,0.001139,1364d616d121521d3fe8e1df294ac00e9ccbc0ba428c1651656b4b0054861893,,,0.000000,,4.153182,0,16,10,4.153182,50000,QmRXP37KZZuvGa2EWdBkiRdwhrVGKs6ojuvEnZDJqcEjoD,,0.297061,,,8728464,0.297061,QmTr1otHwhTHifHT9nDXPikx8Rxcsd4LXvC1ZKnBLAgfUE,0.022609,model_v16_1770925293_d65ab51d,9439598,0.022609,63.250000,1.533853,7.786638,model_v16_1770925293_d65ab51d,1.533853,15
1693576,5,13343760,15402240,2026-02-12T19:42:21Z,cifar10,true,100,10,10,98.000000,6.130000,0,983040,0.518614,8383725568.000000,8386998272,8380452864,9629766,9481151,2,0.001316,true,0.001316,0.001584,model_v1_1770924634_4fc1f678,0.001584,0.002523,2,0.002523,0.001147,model_v17_1770925338_4dd25840,0.001147,tx_validation_model_v17_1770925338_4dd25840,0.002724,17,model_v17_1770925338_4dd25840,0.002724,9e0214abd513e7ee703c34a63198f5e865fa940cb6afd11a154c1fbca3338b61,,,0.000000,,4.033338,0,17,10,4.033338,50000,QmPE6kYkqVWKfgJKhMax4nck9qYfd1Rn1BfVqBeP9u6y7s,,0.332897,,,9528699,0.332897,QmXVMxBhX3odtsrxMsY8ebzqPxARt5dWySP3GkF9K7ocY1,0.031154,model_v17_1770925338_4dd25840,9435186,0.031154,63.640000,1.664549,7.935876,model_v17_1770925338_4dd25840,1.664549,16
3218088,5,13343760,16926752,2026-02-12T19:43:07Z,cifar10,true,100,10,10,98.000000,5.820000,0,1036288,0.492385,8364052480.000000,8383455232,8344649728,9709024,9490579,2,0.001372,true,0.001372,0.002379,model_v2_1770924676_5fc6d3ed,0.002379,0.002725,2,0.002725,0.001346,model_v18_1770925384_c63e7294,0.001346,tx_validation_model_v18_1770925384_c63e7294,0.002414,18,model_v18_1770925384_c63e7294,0.002414,89bc03d812ad9ef996738d83ee016a6b4387be2a660840e25bf611b277a36ea4,,,0.000000,,4.088535,0,18,10,4.088535,50000,QmPE6kYkqVWKfgJKhMax4nck9qYfd1Rn1BfVqBeP9u6y7s,,0.307935,,,9528699,0.307935,QmRZtB4LG3iPfxkmb2UcMMCVc54PmQYD4bvxoQsTGGgwQX,0.028520,model_v18_1770925384_c63e7294,9431888,0.028520,63.770000,1.556312,8.130348,model_v18_1770925384_c63e7294,1.556312,17
1861776,6,13343760,18573888,2026-02-12T19:43:48Z,cifar10,true,100,10,10,98.000000,5.980000,0,995328,0.505772,8374831104.000000,8376127488,8373534720,9563372,9462802,2,0.001498,true,0.001498,0.002952,model_v2_1770924676_5fc6d3ed,0.002952,0.000660,2,0.000660,0.001814,model_v19_1770925425_059a0f31,0.001814,tx_validation_model_v19_1770925425_059a0f31,0.001107,19,model_v19_1770925425_059a0f31,0.001107,7d4438368fa3dce6723279171dfc3e136f87ef942fca71aafecb681be62bcb1e,,,0.000000,,4.051987,0,19,10,4.051987,50000,QmRYYY5NEqphcyuUg9upEDQvXNhNqyXDA3s5Km9Cycm4k3,,0.321932,,,9528035,0.321932,QmVSwjZZz1itQMNw19zeN7P33RfLsbqcYgLiTzCxV5QVQh,0.032783,model_v19_1770925425_059a0f31,9428557,0.032783,63.870000,1.699855,8.246762,model_v19_1770925425_059a0f31,1.699855,18
638848,7,13343760,20247064,2026-02-12T19:44:34Z,cifar10,true,100,10,10,98.000000,5.840000,0,1024000,0.495744,8377350144.000000,8381566976,8373133312,9693192,9482152,2,0.001680,true,0.001680,0.001633,model_v2_1770924676_5fc6d3ed,0.001633,0.007069,3,0.007069,0.001307,model_v20_1770925471_9b01f3b8,0.001307,tx_validation_model_v20_1770925471_9b01f3b8,0.003190,20,model_v20_1770925471_9b01f3b8,0.003190,f2f64f56cd0ae575ce4c5ac58cb07a2cfc444435c5a2e9b5381e7bc29a1372a9,,,0.000000,,4.070376,0,20,10,4.070376,50000,QmfRcnG5PjT7tgduyzgMgZUmDVn2aiF2oaVdy9tLPNRVYz,,0.300149,,,9529598,0.300149,QmUx57Pq4hv65C2qRBFRnEF7Xo5U8XGHKhMUUjHFxs1Rxm,0.021111,model_v20_1770925471_9b01f3b8,9424253,0.021111,64.330000,1.621611,8.392798,model_v20_1770925471_9b01f3b8,1.621611,19
2305760,7,13343760,21913976,2026-02-12T19:45:14Z,cifar10,true,100,10,10,98.000000,6.480000,0,1212416,0.564362,8384389120.000000,8390541312,8378236928,9641590,9482480,2,0.001373,true,0.001373,0.000864,model_v1_1770924634_4fc1f678,0.000864,0.003722,3,0.003722,0.001140,model_v21_1770925511_f1503f9b,0.001140,tx_validation_model_v21_1770925511_f1503f9b,0.003359,21,model_v21_1770925511_f1503f9b,0.003359,56d69fadf90e82d38829325950381377c8860a768b7968142b009fe3f041f6c3,,,0.000000,,4.148877,0,21,10,4.148877,50000,Qmetx8BwZYGUnBtBq8EjxNu3155fQC6KjYErTiUkJDx5E6,,0.297351,,,9527892,0.297351,QmWM9uxhUiBiC4tRiaZmetRrf6fCbgzU8PtzcQNH7ArFtW,0.021232,model_v21_1770925511_f1503f9b,9421583,0.021232,64.580000,1.614658,8.604810,model_v21_1770925511_f1503f9b,1.614658,20
1020720,8,13343760,23593888,2026-02-12T19:45:56Z,cifar10,true,100,10,10,98.000000,5.810000,0,1105920,0.491318,8409798656.000000,8416800768,8402796544,9660729,9465474,2,0.001442,true,0.001442,0.318678,model_v2_1770924676_5fc6d3ed,0.318678,0.003170,3,0.003170,0.001387,model_v22_1770925553_e112482e,0.001387,tx_validation_model_v22_1770925553_e112482e,0.002592,22,model_v22_1770925553_e112482e,0.002592,8b7597eefaca3f02505be8e555ca1aa2bd72a8ac1f9e6474ba2c871a7698f997,,,0.000000,,4.140761,0,22,10,4.140761,50000,QmRYYY5NEqphcyuUg9upEDQvXNhNqyXDA3s5Km9Cycm4k3,,0.304991,,,9528035,0.304991,QmTuonJiGWUk1Yoci8Z9kUXhQjDU9vwgMysWft6KWXH8nH,0.021242,model_v22_1770925553_e112482e,9418081,0.021242,64.990000,1.590592,8.804467,model_v22_1770925553_e112482e,1.590592,21
3276472,8,13343760,25849640,2026-02-12T19:46:43Z,cifar10,true,100,10,10,98.000000,6.220000,0,1028096,0.526074,8414590976.000000,8417390592,8411791360,9592462,9454651,2,0.001601,true,0.001601,0.007104,model_v2_1770924676_5fc6d3ed,0.007104,0.002568,3,0.002568,0.001651,model_v23_1770925599_64bcfa27,0.001651,tx_validation_model_v23_1770925599_64bcfa27,0.002810,23,model_v23_1770925599_64bcfa27,0.002810,3a66b313f09971889f5fc4bb5b7dce626a0334e1bc6d16bd764b8a1aa97097c6,,,0.000000,,4.141140,0,23,10,4.141140,50000,QmSi2q4aF31Pw1kQim65PfmFLLBCbHKqhnN4YPN72oNK8E,,0.310260,,,9525358,0.310260,QmXaMW1tTUfzEpqkUeKKcbdjmWdF4JkTzr7SvBUhiLVxZf,0.030574,model_v23_1770925599_64bcfa27,9415080,0.030574,65.120000,1.773024,9.067579,model_v23_1770925599_64bcfa27,1.773024,22
2039592,9,13343760,27659032,2026-02-12T19:47:24Z,cifar10,true,100,10,10,98.000000,6.260000,0,880640,0.530660,8443418624.000000,8445349888,8441487360,9597341,9443563,2,0.001253,true,0.001253,0.005951,model_v2_1770924676_5fc6d3ed,0.005951,0.004925,3,0.004925,0.001616,model_v24_1770925641_04546729,0.001616,tx_validation_model_v24_1770925641_04546729,0.001368,24,model_v24_1770925641_04546729,0.001368,1fe9df5d5c66162e88cbbce6511f8e44dbe91a360e1c8eab952ef6f55c2dd404,,,0.000000,,4.223121,0,24,10,4.223121,50000,Qmetx8BwZYGUnBtBq8EjxNu3155fQC6KjYErTiUkJDx5E6,,0.304249,,,9527892,0.304249,Qmcon66jZ9xes39tKNUmjWpPoTFEjtXcnH5LnoWvaW72EC,0.030154,model_v24_1770925641_04546729,9412354,0.030154,65.270000,1.898708,9.340864,model_v24_1770925641_04546729,1.898708,23
1218552,10,13343760,29727056,2026-02-12T19:48:05Z,cifar10,true,100,10,10,98.000000,6.390000,0,1028096,0.547190,8405090304.000000,8409460736,8400719872,9684892,9505635,2,0.005611,true,0.005611,0.008346,model_v2_1770924676_5fc6d3ed,0.008346,0.006751,3,0.006751,0.001332,model_v25_1770925683_f617d6ca,0.001332,tx_validation_model_v25_1770925683_f617d6ca,0.003695,25,model_v25_1770925683_f617d6ca,0.003695,d6c6c3137889393262f51ede78c594b824f95cf230f622aa7c3547fbc1b7bab2,,,0.000000,,4.248696,0,25,10,4.248696,50000,QmfTaVoH2HNCgxsBYhGF15YGBX89WfLPUCxgkT5XnY8Gun,,0.304237,,,9531182,0.304237,QmPWn1Jm5sBMSYoSpddnpadc7kTwPViTcbFjkXian5tdx3,0.029277,model_v25_1770925683_f617d6ca,9409348,0.029277,65.270000,1.550620,9.636111,model_v25_1770925683_f617d6ca,1.550620,24
835232,11,13605904,31919048,2026-02-12T19:48:45Z,cifar10,true,100,10,10,98.000000,6.560000,131072,1138688,0.553408,8405913600.000000,8406048768,8405778432,9661736,9492571,2,0.001483,true,0.001483,0.002398,model_v2_1770924676_5fc6d3ed,0.002398,0.000597,3,0.000597,0.001338,model_v26_1770925722_089519f8,0.001338,tx_validation_model_v26_1770925722_089519f8,0.001222,26,model_v26_1770925722_089519f8,0.001222,baacb0e5788091e65fb5a6790b41edde285c4b8ced0104f97e62ba4e9b9c266e,,,0.000000,,4.098862,0,26,10,4.098862,50000,QmRYYY5NEqphcyuUg9upEDQvXNhNqyXDA3s5Km9Cycm4k3,,0.297066,,,9528035,0.297066,QmZVLJpvJB7yyTPiXuXcznVUkvTv9GASYizrL9tiVddb4J,0.032602,model_v26_1770925722_089519f8,9406183,0.032602,65.290000,1.550206,9.848419,model_v26_1770925722_089519f8,1.550206,25
1205200,12,13605904,34445944,2026-02-12T19:49:24Z,cifar10,true,100,10,10,98.000000,6.450000,0,1077248,0.560015,8397346816.000000,8407265280,8387428352,9637180,9454363,2,0.001978,true,0.001978,0.001506,model_v2_1770924676_5fc6d3ed,0.001506,0.012428,3,0.012428,0.001255,model_v27_1770925761_d426389d,0.001255,tx_validation_model_v27_1770925761_d426389d,0.001325,27,model_v27_1770925761_d426389d,0.001325,ab6ef0a746fc5531a1e57338679411e44327e158e3808f3a38f8792753eb786e,,,0.000000,,4.136473,0,27,10,4.136473,50000,QmSxNbRoGAhDFKQowJ244PRUH6uGuF7TAMrJ9VPtCnwVyd,blockchain_write,0.301426,,,9069524,0.301426,QmatyjzQeZAUZm7bJovtsKMwC4Fm9vZN8CvTKNkXZaDgLa,0.020003,model_v27_1770925761_d426389d,9404172,0.020003,65.330000,1.528627,9.964653,model_v27_1770925761_d426389d,1.528627,26
1437416,13,13605904,37090200,2026-02-12T19:50:10Z,cifar10,true,100,10,10,98.000000,6.140000,0,946176,0.521934,8439762944.000000,8446406656,8433119232,9628460,9445298,2,0.001387,true,0.001387,0.000547,model_v1_1770924634_4fc1f678,0.000547,0.021407,3,0.021407,0.001384,model_v28_1770925807_02b01669,0.001384,tx_validation_model_v28_1770925807_02b01669,0.001150,28,model_v28_1770925807_02b01669,0.001150,73e07dc3dbb6500ba706db801ba1c7878f7eda728baad5bb131bba12ab022045,,,0.000000,,4.058408,0,28,10,4.058408,50000,QmSxNbRoGAhDFKQowJ244PRUH6uGuF7TAMrJ9VPtCnwVyd,,0.287124,model_v2_1770924676_5fc6d3ed,,9069524,0.287124,QmUCjLsNTFSWzZh1k4XJnVKTmHM1diBGWhtA9P91JZndoH,0.027170,model_v28_1770925807_02b01669,9401309,0.027170,65.270000,1.723499,10.249063,model_v28_1770925807_02b01669,1.723499,27
1795168,14,13605904,39599320,2026-02-12T19:50:50Z,cifar10,true,100,10,10,98.000000,5.970000,0,1134592,0.505939,8440111104.000000,8449568768,8430653440,9623209,9477552,2,0.002120,true,0.002120,0.000492,model_v0_initial_1770924591_25fa7188,0.000492,0.002865,3,0.002865,0.001542,model_v29_1770925848_e1159670,0.001542,tx_validation_model_v29_1770925848_e1159670,0.001253,29,model_v29_1770925848_e1159670,0.001253,19d6840b7151794b0dd251d51ceaf0ebe1e1ae7b590f1e2c225c8a759a71a869,,,0.000000,,4.084589,0,29,10,4.084589,50000,Qma3k1zxB1df8CBrLWwLsqgF9qTcouxhBq5w3ejRMH6RpE,,0.293293,,,9069552,0.293293,QmQka4DmeVWZgEG6bW2CRPZkjjMKfbEcHWFssEUNUzamyf,0.019994,model_v29_1770925848_e1159670,9398767,0.019994,65.370000,1.614933,10.470268,model_v29_1770925848_e1159670,1.614933,28
2012568,15,13605904,42272368,2026-02-12T19:51:32Z,cifar10,true,100,10,10,98.000000,7.530000,0,1290240,0.647364,8452294656.000000,8453464064,8451125248,9596499,9429595,2,0.001780,true,0.001780,0.001140,model_v0_initial_1770924591_25fa7188,0.001140,0.007332,3,0.007332,0.001360,model_v30_1770925889_121d9268,0.001360,tx_validation_model_v30_1770925889_121d9268,0.001549,30,model_v30_1770925889_121d9268,0.001549,67b591c466326bf8de3879f127722d8b30f8724e63f4ca108a2d95c903ed724d,,,0.000000,,4.257252,0,30,10,4.257252,50000,QmZwviG9DN2iMwCzWEXRSuCrFoUYBdyQEEyswxkRbuh2cS,parent_weights,0.307753,,model_v1_1770924634_4fc1f678,9566825,0.307753,QmWFr34WT7ver5ZacW6EuB6ddUzhEGwezg3hGBn21APZpP,0.023358,model_v30_1770925889_121d9268,9396512,0.023358,65.580000,1.651856,10.652909,model_v30_1770925889_121d9268,1.651856,29
1912112,16,13605904,44915784,2026-02-12T19:52:14Z,cifar10,true,100,10,10,98.000000,6.090000,0,1155072,0.519056,8425412608.000000,8425914368,8424910848,9674013,9452432,2,0.001262,true,0.001262,0.022343,model_v2_1770924676_5fc6d3ed,0.022343,0.002365,3,0.002365,0.001395,model_v31_1770925931_fbccb695,0.001395,tx_validation_model_v31_1770925931_fbccb695,0.001349,31,model_v31_1770925931_fbccb695,0.001349,1c905e648f86026a69a731f6fbf4f6960d3b30b4f6dd253db119bc4ba85cacde,,,0.000000,,4.263254,0,31,10,4.263254,50000,QmWMFYrVQffkXSxi4xA3A6fVsq4FusgxA6amkq6Yu9c8XM,rollback_verify,0.306568,,,9523066,0.306568,Qmf4Xwc9Tx2XkE2eYEtL3tQxvaRW3fprdACHC22TUc8VET,0.021552,model_v31_1770925931_fbccb695,9394657,0.021552,65.770000,1.602658,11.007356,model_v31_1770925931_fbccb695,1.602658,30
2453584,17,13868048,48191664,2026-02-12T19:53:01Z,cifar10,true,100,10,10,98.000000,5.720000,0,995328,0.486520,8440346624.000000,8440504320,8440188928,9670182,9446529,2,,,0.000000,0.025157,model_v2_1770924676_5fc6d3ed,0.025157,0.010649,3,0.010649,0.001311,model_v32_1770925978_a939cd6e,0.001311,tx_validation_model_v32_1770925978_a939cd6e,0.001383,32,model_v32_1770925978_a939cd6e,0.001383,a20bc6397ee7b6e3141c3a0cc8763b8f9e21fdc1901370b0350383e71dc5beb3,,,0.000000,,4.078434,0,32,10,4.078434,50000,QmVgLY5LnDgbFKE7DhDMH4AiznvrkF1o5CiBGQ6M2EzewQ,,0.321237,,,9535480,0.321237,QmVdWfZ2yvhfKRtJrY7VGPrWXiGzs7ydnDMNVbRZooUsca,0.018959,model_v32_1770925978_a939cd6e,9393168,0.018959,65.630000,1.585540,11.433068,model_v32_1770925978_a939cd6e,1.585540,31
